XXX管理系统就别往简历上写了,
这样来解释Stack的几种含义，涨知识了~,
IDEA 2021.2重磅发布！羊哥连夜梭哈，发现这些改动很Nice！附新亮点演示！,
刷 题 ！,
LeetCode解题的常见模式套路,
原来@Autowired注解还可以这么玩？,
羊哥竟然翻出了当年的大学成绩单。。,
如何科学根治慢SQL？,
面试官：高并发下如何保证接口的幂等性？,
当年没去银行，血亏,
一文彻底学会递归思路解题,
Gson：我爸是谷歌,
摊牌了！,
MySQL主从复制那些破事，你不好奇吗,
这才是对进程和线程最通俗易懂的解释,
2.5w字+36张图+1周时间：爆肝操作系统面试题！,
计算机时间到底是怎么来的,
看书还是看视频？,
原来广州的互联网环境这么强？？,
面试官：为什么Kafka用得这么多？,
好家伙，Spring中竟然有12种定义Bean的方法,
我的大学四年收获及工作感悟,
命令行效率神器 NuShell ！,
羊嫂偷偷抹了两个小时眼泪,
怎么准备国企和银行？终于写完了！,
可能是史上功能最全的Java权限框架！,
上有天堂，下有苏杭！,
美团面试：如何保证缓存和数据库的一致性？,
罗翔老师，YYDS ！！,
从实践中彻底上手Git，就靠它了,
郑州有哪些牛批的互联网公司？,
你们公司用的啥CI守护系统？,
什么是WiFi 6 ？,
上岸哈工大！！,
Java线程和操作系统的线程到底有啥区别？,
天津有哪些牛批的互联网公司？,
Redis分布式锁保姆级无死角分析,
一款SQL检查审核神器！再也不担心写SQL出问题了,
程序员的酒后真言，都不容易,
高并发场景下，到底先更新缓存还是先更新数据库？,
你们要的毕业租房避坑指南，写出来了！,
武汉最牛批的互联网基本都在这了~,
这份GitHub开源CS教程，真香~,
了解这些，就可以在Spring启动时为所欲为了,
还敢无脑梭哈计算机么？,
同学，写完SQL之后记得优化一下,
一款零注解API接口文档生成工具,
长沙有哪些牛批批的互联网公司？,
消息队列面试连环问，稳了~,
羊家坝村首席高考志愿填报推荐官,
什么是动态代理？,
程序员界的孔乙己,
为啥我的IDEA Maven依赖下载总是失败？,
羊哥接到了百万大V的邀请！起飞了~,
西安有哪些牛批的互联网公司？,
一位半路转行计算机的女生,
这次面实习生，羊哥又拿出了那道题，有个妹子支支吾吾了半天。。,
为啥妹子给我发的 Excel 打开之后是乱码？,
面试官：说说什么是Java内存模型吧,
整整5年了！老羊斗胆聊一聊和自己导师的相处,
从原理上搞懂Git，就靠它了,
到底什么是 RESTful ？,
熬了7天夜，羊哥肝了个Linux速查备忘手册！,
ZooKeeper十二连问，这谁扛得住？,
CPU竟然瞒着内存干出这种事来,
我想去成都生活了,
数据脱敏，了解一下,
拜访了这位小哥的GitHub后，羊哥失眠了,
MySQL的数据存在磁盘上到底长什么样,
函数调用太多会有性能问题吗,
一个农村博士的独白：全家为什么只有我读到了博士,
Kafka官宣，干掉ZooKeeper,
521坦白帖：当年念书时是怎么写情书的？,
程序员缺乏经验的7种表现,
什么是分布式事务,
进腾讯了,
搜索引擎是如何工作的,
那些学计算机的女生后来都怎么样了？,
面试官：数据库自增ID用完了会怎样,
为什么编译原理被称为龙书 (Dragon book)？,
什么是灰度发布（金丝雀发布）,
卧槽，人品爆了 ...,
学弟跨考浙大计算机的掏心窝子分享！,
阿里二面: 详解一条 SQL 的执行过程,
生产队的驴都不敢这么过五一,
为什么大公司的后台数据库都要搞分库分表？,
双重检查加锁的单例模式，真的线程安全吗？,
IDEA 2021首个大版本发布，羊哥反手就是一个更新！附新亮点演示！,
Java集合硬核面试50问（附答案）,
日子浑浑噩噩地过，这可能是我最开心的一周了,
MySQL面试硬核25问（附答案）,
自学编程一路走来，这些私藏工具和网站我全贡献出来了！,
单体→分布式→微服务，这些年的软件架构是怎么发育的？,
苦等一年的RTE 2021编程赛它终于来了！,
TCP 连接的前世今生,
周末请阿里的师兄看电影，顺便聊了聊他们内部常用的15款开发者工具,
ConcurrentHashMap的十大细节，划重点了,
那个咕咕区裆部up主，它居然还有脸回来？,
面试官最爱的Redis高频面试题集合,
认真聊一聊大家关心的Go语言,
为什么Git把SVN拍在了沙滩上,
聊聊我最近读完的几本书，太淦了~,
